{
  "San Francisco": [36.05788132307823, -127.52808395473016],
  "San Jose": [35.93453876147259, -125.37363779448799],
  "Sacramento": [38.264376682417485, -124.0335419259333],
  "Fresno": [36.708374348750276, -121.33782227410552],
  "Los Angeles": [32.487454398088516, -122.88789245544352],
  "Long Beach": [33.86788587445733, -118.11297727391883],
  "San Diego": [31.414123678682632, -120.90313758783849],
  "Las Vegas": [36.01713783197662, -117.12780173563372],
  "Anchorage": [61.61034141911831, -160.24950027041916],
  "Honolulu": [21.516177150421626, -159.31840387589907],
  "Boise": [43.574938774842494, -117.55611114900479],
  "Billings": [45.82162583467841, -110.00134800567675],
  "Salt Lake City": [40.60623521933159, -114.69323761412983],
  "Phoenix": [33.58077906824742, -114.00615792112035],
  "Mesa": [33.216404200868006, -111.56159837195548],
  "Tucson": [32.16898080504817, -112.28492421455172],
  "Cheyenne": [41.182098436261825, -106.91549972208611],
  "Denver": [39.82363540984671, -106.70779563732566],
  "Colorado Springs": [38.821635997247924, -104.76268414584368],
  "Albuquerque": [35.01537718770478, -109.11202818872658],
  "El Paso": [31.78016084587661, -107.85486030357762],
  "Fargo": [47.07474089899097, -98.36877222086899],
  "Sioux Falls": [43.68998140936322, -99.24813202039996],
  "Omaha": [41.41088140406983, -98.03022957108449],
  "Wichita": [37.77333869620746, -99.34024393197438],
  "Tulsa": [36.28215843080401, -97.26989301234421],
  "Oklahoma City": [35.241954120945444, -97.38886799176154],
  "Austin": [30.488100918906635, -99.16866249978594],
  "San Antonio": [28.592386380029374, -101.10514943631792],
  "Houston": [29.975659887171336, -97.23568451885613],
  "Fort Worth": [32.711550569704045, -101.43659459493297],
  "Arlington": [31.869099909222896, -98.96214379714995],
  "Dallas": [32.78390922183374, -96.6853445756994],
  "Minneapolis": [45.160434876484764, -96.02984995484174],
  "Des Moines": [41.752499185880566, -95.13433702161669],
  "Kansas City": [39.28851430257442, -97.17886258219205],
  "St. Louis": [38.91344230276677, -92.37528432174994],
  "Little Rock": [33.92930681508664, -94.6856863467837],
  "Memphis": [35.39423140339167, -91.79137392337424],
  "Jackson": [32.54207225255107, -91.74561996576251],
  "New Orleans": [30.310846358730384, -92.43864403644817],
  "Milwaukee": [43.332452819192184, -90.3087090902832],
  "Chicago": [41.17205189269327, -89.89110468200809],
  "Detroit": [42.03253439644164, -86.06150876968714],
  "Indianapolis": [39.20211320588342, -88.90501879290747],
  "Louisville": [37.46317712389142, -86.67689378162392],
  "Nashville": [35.48796140184962, -88.22402847423321],
  "Birmingham": [33.89760526497655, -89.12234193696183],
  "Atlanta": [33.04367602998444, -84.60544593637508],
  "Jacksonville": [30.308251233121215, -81.565728647059],
  "Tampa": [28.353282036372498, -83.79838870708174],
  "Miami": [26.13396746085854, -81.34446416908705],
  "Charlotte": [35.586456827770036, -82.56490449530658],
  "Columbus": [40.34025664801679, -84.90260011861814],
  "Burlington": [45.19882585876359, -77.33929043096157],
  "Manchester": [43.737701675941594, -76.17918252266085],
  "Providence": [40.905936090447554, -71.54079243513016],
  "Boston": [42.18593814178567, -70.84626726495469],
  "Bridgeport": [41.943579868792575, -76.54341924727677],
  "Newark": [40.7323217521428, -77.40497432056867],
  "New York": [40.37576462396541, -73.83553705756398],
  "Wilmington": [40.144529603417006, -80.00339477238661],
  "Philadelphia": [39.64198943063016, -75.10471111033725],
  "Baltimore": [38.92943528475926, -76.55825073430053],
  "Washington": [38.315173545683955, -78.38820876835861],
  "Virginia Beach": [36.55734180863646, -76.0494440666707],
  "Raleigh":[36.22794871139895,-80.14387112749189]
}
